{"cameraMode":{"drawMode":0,"name":"Shaded","section":"Shading Mode"},"sceneLighting":true,"audioPlay":false,"sceneViewState":{"m_AlwaysRefresh":false,"showFog":true,"showSkybox":true,"showFlares":true,"showImageEffects":true,"showParticleSystems":true,"showVisualEffectGraphs":true,"m_FxEnabled":true},"in2DMode":false,"pivot":{"x":-5551.47802734375,"y":12.435590744018555,"z":1384.20947265625},"rotation":{"x":-0.0004085769469384104,"y":0.9995282888412476,"z":-0.01530364714562893,"w":-0.026692520827054979},"size":21.736026763916017,"orthographic":false}